{
	"song": {
		"player1": "bf",
		"gfVersion": "gf",
		"notes": [
			{
				"sectionBeats": 4,
				"sectionNotes": [
					[
						0,
						3,
						108.695652173913
					],
					[
						326.086956521739,
						1,
						108.695652173913
					],
					[
						652.173913043478,
						0,
						108.695652173913
					],
					[
						869.565217391304,
						2,
						0
					],
					[
						978.260869565217,
						3,
						0
					],
					[
						1086.95652173913,
						1,
						0
					],
					[
						1195.65217391304,
						0,
						0
					],
					[
						1304.34782608696,
						2,
						0
					],
					[
						1413.04347826087,
						3,
						0
					],
					[
						1521.73913043478,
						0,
						108.695652173913
					]
				],
				"typeOfSection": 0,
				"gfSection": false,
				"altAnim": false,
				"mustHitSection": false,
				"changeBPM": false,
				"bpm": 150
			},
			{
				"sectionBeats": 4,
				"sectionNotes": [
					[
						1739.13043478261,
						2,
						108.695652173913
					],
					[
						2065.21739130435,
						1,
						108.695652173913
					],
					[
						2391.30434782609,
						3,
						108.695652173913
					],
					[
						2608.69565217391,
						0,
						0
					],
					[
						2717.39130434783,
						0,
						0
					],
					[
						2934.78260869565,
						0,
						0
					],
					[
						3043.47826086957,
						2,
						108.695652173913
					],
					[
						3260.86956521739,
						1,
						108.695652173913
					]
				],
				"typeOfSection": 0,
				"gfSection": false,
				"altAnim": false,
				"mustHitSection": false,
				"changeBPM": false,
				"bpm": 150
			},
			{
				"sectionBeats": 4,
				"sectionNotes": [
					[
						3478.26086956522,
						3,
						108.695652173913
					],
					[
						3804.34782608696,
						1,
						108.695652173913
					],
					[
						4130.4347826087,
						0,
						108.695652173913
					],
					[
						4347.82608695652,
						2,
						0
					],
					[
						4456.52173913043,
						3,
						0
					],
					[
						4565.21739130435,
						1,
						0
					],
					[
						4673.91304347826,
						0,
						0
					],
					[
						4782.60869565217,
						2,
						0
					],
					[
						4891.30434782609,
						3,
						0
					],
					[
						5000,
						0,
						108.695652173913
					]
				],
				"typeOfSection": 0,
				"gfSection": false,
				"altAnim": false,
				"mustHitSection": false,
				"changeBPM": false,
				"bpm": 138
			},
			{
				"sectionBeats": 4,
				"sectionNotes": [
					[
						5217.39130434783,
						2,
						108.695652173913
					],
					[
						5543.47826086957,
						3,
						108.695652173913
					],
					[
						5869.5652173913,
						1,
						108.695652173913
					],
					[
						6086.95652173913,
						0,
						0
					],
					[
						6086.95652173913,
						2,
						326.086956521739
					],
					[
						6521.73913043478,
						3,
						108.695652173913
					],
					[
						6739.13043478261,
						1,
						108.695652173913
					]
				],
				"typeOfSection": 0,
				"gfSection": false,
				"altAnim": false,
				"mustHitSection": false,
				"changeBPM": false,
				"bpm": 138
			},
			{
				"sectionBeats": 4,
				"sectionNotes": [
					[
						6956.52173913043,
						3,
						108.695652173913
					],
					[
						7282.60869565217,
						1,
						108.695652173913
					],
					[
						7608.69565217391,
						0,
						108.695652173913
					],
					[
						7826.08695652174,
						2,
						0
					],
					[
						7934.78260869565,
						3,
						0
					],
					[
						8043.47826086957,
						1,
						0
					],
					[
						8152.17391304348,
						0,
						0
					],
					[
						8260.86956521739,
						2,
						0
					],
					[
						8369.5652173913,
						3,
						0
					],
					[
						8478.26086956522,
						0,
						108.695652173913
					]
				],
				"typeOfSection": 0,
				"gfSection": false,
				"altAnim": false,
				"mustHitSection": true,
				"changeBPM": false,
				"bpm": 138
			},
			{
				"sectionBeats": 4,
				"sectionNotes": [
					[
						8695.65217391304,
						2,
						108.695652173913
					],
					[
						9021.73913043478,
						1,
						108.695652173913
					],
					[
						9347.82608695652,
						3,
						108.695652173913
					],
					[
						9565.21739130435,
						0,
						0
					],
					[
						9673.91304347826,
						0,
						0
					],
					[
						9891.30434782609,
						0,
						0
					],
					[
						10000,
						2,
						108.695652173913
					],
					[
						10217.3913043478,
						1,
						108.695652173913
					]
				],
				"typeOfSection": 0,
				"gfSection": false,
				"altAnim": false,
				"mustHitSection": true,
				"changeBPM": false,
				"bpm": 138
			},
			{
				"sectionBeats": 4,
				"sectionNotes": [
					[
						10434.7826086957,
						3,
						108.695652173913
					],
					[
						10760.8695652174,
						1,
						108.695652173913
					],
					[
						11086.9565217391,
						0,
						108.695652173913
					],
					[
						11304.347826087,
						2,
						0
					],
					[
						11413.0434782609,
						3,
						0
					],
					[
						11521.7391304348,
						1,
						0
					],
					[
						11630.4347826087,
						0,
						0
					],
					[
						11739.1304347826,
						2,
						0
					],
					[
						11847.8260869565,
						3,
						0
					],
					[
						11956.5217391304,
						0,
						108.695652173913
					]
				],
				"typeOfSection": 0,
				"gfSection": false,
				"altAnim": false,
				"mustHitSection": true,
				"changeBPM": false,
				"bpm": 138
			},
			{
				"sectionBeats": 4,
				"sectionNotes": [
					[
						12173.9130434783,
						2,
						108.695652173913
					],
					[
						12500,
						3,
						108.695652173913
					],
					[
						12826.0869565217,
						1,
						108.695652173913
					],
					[
						13043.4782608696,
						0,
						0
					],
					[
						13043.4782608696,
						2,
						326.086956521739
					],
					[
						13478.2608695652,
						3,
						108.695652173913
					],
					[
						13695.652173913,
						1,
						108.695652173913
					]
				],
				"typeOfSection": 0,
				"gfSection": false,
				"altAnim": false,
				"mustHitSection": true,
				"changeBPM": false,
				"bpm": 138
			},
			{
				"sectionBeats": 4,
				"sectionNotes": [],
				"typeOfSection": 0,
				"gfSection": false,
				"altAnim": false,
				"mustHitSection": true,
				"changeBPM": false,
				"bpm": 138
			},
			{
				"sectionBeats": 4,
				"sectionNotes": [],
				"typeOfSection": 0,
				"gfSection": false,
				"altAnim": false,
				"mustHitSection": true,
				"changeBPM": false,
				"bpm": 138
			},
			{
				"sectionBeats": 4,
				"sectionNotes": [],
				"typeOfSection": 0,
				"gfSection": false,
				"altAnim": false,
				"mustHitSection": true,
				"changeBPM": false,
				"bpm": 138
			},
			{
				"sectionBeats": 4,
				"sectionNotes": [],
				"typeOfSection": 0,
				"gfSection": false,
				"altAnim": false,
				"mustHitSection": true,
				"changeBPM": false,
				"bpm": 138
			},
			{
				"sectionBeats": 4,
				"sectionNotes": [],
				"typeOfSection": 0,
				"gfSection": false,
				"altAnim": false,
				"mustHitSection": true,
				"changeBPM": false,
				"bpm": 138
			},
			{
				"gfSection": false,
				"altAnim": false,
				"typeOfSection": 0,
				"sectionNotes": [],
				"bpm": 138,
				"sectionBeats": 4,
				"changeBPM": false,
				"mustHitSection": true
			}
		],